Location,Sunlight_Hours,Recommended_System,Budget_PKR,Usage_kWh_per_month
Rawalpindi,6.38,8kW Hybrid,654108,562
Multan,6.27,8kW Hybrid,957872,958
Karachi,5.07,2kW On-Grid,1277644,694
Quetta,5.41,5kW Hybrid,451069,683
Lahore,7.17,3kW On-Grid,719972,551
Multan,5.33,10kW Off-Grid,1802208,438
Faisalabad,6.7,8kW Hybrid,747738,368
Faisalabad,4.74,5kW Hybrid,1930974,230
Quetta,5.2,10kW Off-Grid,1314527,622
Faisalabad,4.81,3kW On-Grid,1828529,360
Peshawar,6.34,2kW On-Grid,1899377,507
Karachi,5.81,7kW Net-Metering,1487760,888
Islamabad,7.33,2kW On-Grid,522297,810
Rawalpindi,7.16,7kW Net-Metering,1858637,1093
Karachi,7.04,7kW Net-Metering,1972056,828
Lahore,7.27,8kW Hybrid,1727930,1139
Quetta,4.77,5kW Hybrid,438279,446
Rawalpindi,4.81,2kW On-Grid,422891,880
Islamabad,5.39,10kW Off-Grid,1179995,450
Rawalpindi,5.76,10kW Off-Grid,1652704,710
Peshawar,4.93,5kW Hybrid,651692,1054
Islamabad,6.22,3kW On-Grid,1118794,758
Karachi,6.31,7kW Net-Metering,479975,404
Quetta,5.26,10kW Off-Grid,1515854,1155
Quetta,6.55,10kW Off-Grid,447727,639
Islamabad,5.61,7kW Net-Metering,427622,250
Islamabad,4.54,3kW On-Grid,1970063,656
Quetta,6.4,10kW Off-Grid,518180,643
Quetta,6.23,5kW Hybrid,760342,936
Peshawar,6.4,10kW Off-Grid,570722,523
Rawalpindi,4.99,5kW Hybrid,1630448,606
Multan,7.28,5kW Hybrid,1247340,763
Quetta,7.17,8kW Hybrid,1595904,456
Rawalpindi,5.93,10kW Off-Grid,1987049,792
Karachi,7.05,10kW Off-Grid,1784611,1140
Karachi,7.38,10kW Off-Grid,323316,530
Peshawar,7.36,8kW Hybrid,1916887,933
Multan,6.11,7kW Net-Metering,1473168,1047
Islamabad,4.51,8kW Hybrid,601540,674
Multan,5.04,3kW On-Grid,923002,1145
Lahore,4.88,3kW On-Grid,1566162,577
Multan,5.9,7kW Net-Metering,1687313,1150
Lahore,6.18,5kW Hybrid,1458738,661
Faisalabad,5.38,3kW On-Grid,1940146,622
Peshawar,5.69,2kW On-Grid,766160,1159
Faisalabad,7.47,2kW On-Grid,1026452,311
Islamabad,6.79,3kW On-Grid,1421791,1148
Quetta,4.92,2kW On-Grid,1195134,1055
Faisalabad,4.74,3kW On-Grid,715565,1155
Lahore,6.76,8kW Hybrid,1922109,1083
Multan,7.05,8kW Hybrid,504986,406
Lahore,6.25,10kW Off-Grid,1473294,368
Karachi,5.35,2kW On-Grid,1550881,1138
Peshawar,5.05,5kW Hybrid,1019537,255
Islamabad,5.09,10kW Off-Grid,1748355,396
Faisalabad,5.15,5kW Hybrid,536248,623
Quetta,6.71,2kW On-Grid,1999972,967
Quetta,4.56,3kW On-Grid,1287563,454
Islamabad,5.32,3kW On-Grid,1835773,970
Quetta,5.66,10kW Off-Grid,335637,287
Multan,5.26,5kW Hybrid,1505185,922
Islamabad,5.51,10kW Off-Grid,544565,323
Peshawar,5.66,10kW Off-Grid,1334780,432
Rawalpindi,6.54,7kW Net-Metering,759831,206
Multan,5.83,2kW On-Grid,1995943,502
Lahore,5.0,3kW On-Grid,451825,250
Peshawar,4.75,5kW Hybrid,1327083,322
Peshawar,6.19,3kW On-Grid,1979617,787
Islamabad,6.75,3kW On-Grid,1698442,583
Islamabad,5.36,5kW Hybrid,1539581,736
Multan,7.04,3kW On-Grid,402084,817
Faisalabad,7.25,7kW Net-Metering,576609,983
Faisalabad,6.13,10kW Off-Grid,1237635,670
Faisalabad,6.21,7kW Net-Metering,426270,383
Karachi,6.74,8kW Hybrid,1764584,777
Karachi,6.34,10kW Off-Grid,1593176,393
Faisalabad,4.91,7kW Net-Metering,755809,478
Quetta,7.37,3kW On-Grid,972084,734
Faisalabad,5.32,2kW On-Grid,1662392,652
Islamabad,7.02,8kW Hybrid,1430246,780
Lahore,6.09,7kW Net-Metering,1449748,819
Quetta,6.95,3kW On-Grid,705789,307
Lahore,4.88,5kW Hybrid,1738224,450
Quetta,6.25,2kW On-Grid,761340,956
Peshawar,6.6,3kW On-Grid,1760756,346
Rawalpindi,6.42,5kW Hybrid,503551,1135
Rawalpindi,6.32,10kW Off-Grid,586359,842
Karachi,7.38,3kW On-Grid,1678805,421
Rawalpindi,5.51,2kW On-Grid,1568172,374
Lahore,4.94,3kW On-Grid,864097,589
Faisalabad,6.78,10kW Off-Grid,1961251,653
Quetta,6.8,10kW Off-Grid,1942403,586
Lahore,7.2,10kW Off-Grid,974157,930
Peshawar,5.98,5kW Hybrid,1881265,945
Peshawar,6.08,7kW Net-Metering,426485,1109
Karachi,6.56,8kW Hybrid,950920,413
Quetta,4.93,7kW Net-Metering,468144,805
Islamabad,5.88,3kW On-Grid,347652,837
Peshawar,4.54,7kW Net-Metering,1718319,344
Peshawar,5.74,7kW Net-Metering,690783,735
Rawalpindi,5.15,7kW Net-Metering,1162770,855
Multan,5.5,3kW On-Grid,633362,858
Rawalpindi,6.39,8kW Hybrid,1834662,781
Islamabad,6.43,3kW On-Grid,910778,551
Peshawar,4.66,8kW Hybrid,1331672,363
Lahore,5.93,8kW Hybrid,340368,1006
Lahore,5.22,10kW Off-Grid,996351,1090
Islamabad,7.35,8kW Hybrid,550252,541
Karachi,6.67,7kW Net-Metering,1858157,1083
Faisalabad,5.03,2kW On-Grid,304900,521
Multan,4.96,3kW On-Grid,1274749,882
Peshawar,5.92,2kW On-Grid,907784,966
Multan,6.75,2kW On-Grid,1527287,932
Lahore,6.32,5kW Hybrid,1785165,241
Multan,5.02,7kW Net-Metering,1963347,419
Peshawar,5.85,3kW On-Grid,1853510,1038
Quetta,6.28,8kW Hybrid,992136,315
Islamabad,4.88,3kW On-Grid,1582614,359
Peshawar,4.54,7kW Net-Metering,1391977,1065
Faisalabad,7.15,8kW Hybrid,1668406,993
Islamabad,4.92,10kW Off-Grid,1847286,1149
Lahore,6.98,7kW Net-Metering,1574958,687
Multan,6.58,8kW Hybrid,1448339,1161
Quetta,5.02,5kW Hybrid,1480101,363
Islamabad,6.48,7kW Net-Metering,412192,597
Islamabad,4.51,3kW On-Grid,450245,478
Karachi,6.72,10kW Off-Grid,737806,650
Islamabad,4.64,10kW Off-Grid,349533,978
Islamabad,5.78,10kW Off-Grid,1096801,898
Lahore,5.39,2kW On-Grid,989466,360
Quetta,7.28,2kW On-Grid,338494,625
Islamabad,5.56,7kW Net-Metering,1016572,414
Faisalabad,5.41,10kW Off-Grid,315131,1045
Rawalpindi,4.64,10kW Off-Grid,1487100,1117
Quetta,6.8,10kW Off-Grid,931477,268
Lahore,4.76,3kW On-Grid,324285,554
Rawalpindi,5.69,5kW Hybrid,1851925,1158
Multan,6.45,5kW Hybrid,377110,1166
Faisalabad,4.8,2kW On-Grid,1049378,501
Islamabad,7.06,5kW Hybrid,1648027,892
Karachi,5.4,10kW Off-Grid,1725514,1148
Karachi,4.9,5kW Hybrid,759199,274
Quetta,6.62,8kW Hybrid,1596117,942
Islamabad,6.71,7kW Net-Metering,1284731,1158
Lahore,7.43,3kW On-Grid,765138,964
Peshawar,5.79,7kW Net-Metering,1948348,792
Rawalpindi,6.81,2kW On-Grid,1120958,581
Quetta,5.3,7kW Net-Metering,1663470,1117
Islamabad,5.21,3kW On-Grid,1759294,411
Peshawar,5.43,10kW Off-Grid,1824122,954
Karachi,6.41,5kW Hybrid,711937,891
Multan,6.28,8kW Hybrid,1902162,575
Peshawar,7.32,7kW Net-Metering,1957285,1049
Quetta,4.93,2kW On-Grid,1610604,1125
Karachi,5.65,7kW Net-Metering,1985873,493
Islamabad,5.01,8kW Hybrid,1828820,204
Peshawar,6.2,2kW On-Grid,1771420,649
Peshawar,6.66,5kW Hybrid,1047769,473
Islamabad,6.68,2kW On-Grid,836819,1098
Faisalabad,5.14,7kW Net-Metering,1493248,661
Quetta,6.79,8kW Hybrid,527257,913
Multan,5.43,2kW On-Grid,590575,799
Islamabad,5.54,10kW Off-Grid,1004316,389
Lahore,5.25,5kW Hybrid,680948,1091
Quetta,5.05,2kW On-Grid,1263539,937
Peshawar,6.21,7kW Net-Metering,1900488,1134
Karachi,5.79,7kW Net-Metering,1963484,1161
Rawalpindi,6.32,3kW On-Grid,726312,868
Multan,6.31,3kW On-Grid,1969720,518
Faisalabad,6.05,3kW On-Grid,1395255,1006
Quetta,6.41,10kW Off-Grid,436856,959
Rawalpindi,7.21,7kW Net-Metering,430126,1104
Faisalabad,5.32,8kW Hybrid,455195,1096
Multan,5.04,10kW Off-Grid,1370132,534
Islamabad,6.1,3kW On-Grid,365382,675
Faisalabad,5.33,2kW On-Grid,375361,1010
Rawalpindi,4.54,3kW On-Grid,1474953,569
Lahore,6.27,2kW On-Grid,472170,413
Quetta,6.86,5kW Hybrid,1111270,718
Islamabad,5.66,8kW Hybrid,1239110,786
Lahore,5.93,7kW Net-Metering,359762,1192
Rawalpindi,5.05,3kW On-Grid,660674,1199
Karachi,4.5,2kW On-Grid,1278123,785
Peshawar,4.76,10kW Off-Grid,894999,912
Multan,4.96,7kW Net-Metering,1527050,459
Multan,5.87,8kW Hybrid,1738467,392
Islamabad,4.51,5kW Hybrid,1958903,356
Peshawar,5.37,2kW On-Grid,1305242,1124
Karachi,6.16,8kW Hybrid,1141877,753
Rawalpindi,5.66,5kW Hybrid,418595,283
Lahore,6.18,2kW On-Grid,1696328,855
Rawalpindi,7.09,10kW Off-Grid,1307366,493
Rawalpindi,7.38,2kW On-Grid,1981053,776
Lahore,6.4,7kW Net-Metering,390809,731
Karachi,6.57,7kW Net-Metering,1073404,737
Multan,6.14,3kW On-Grid,1021310,598
Islamabad,4.63,3kW On-Grid,1219009,826
Multan,7.08,2kW On-Grid,618157,1190
Peshawar,5.92,8kW Hybrid,1217577,553
Islamabad,6.86,5kW Hybrid,1486165,214
Lahore,7.34,8kW Hybrid,1953434,504
Islamabad,5.95,8kW Hybrid,901917,1113
Multan,6.2,3kW On-Grid,747082,778
Rawalpindi,7.42,7kW Net-Metering,1510998,489
Lahore,5.94,10kW Off-Grid,1358438,685
Peshawar,7.3,2kW On-Grid,856641,1019
Karachi,5.43,7kW Net-Metering,1872503,735
Rawalpindi,5.76,2kW On-Grid,358869,204
Faisalabad,5.54,5kW Hybrid,501257,720
Karachi,5.01,3kW On-Grid,589020,661
Peshawar,4.71,10kW Off-Grid,546385,297
Karachi,4.94,5kW Hybrid,1889558,203
Karachi,5.91,10kW Off-Grid,394758,1108
Quetta,6.0,3kW On-Grid,1190921,524
Peshawar,6.33,10kW Off-Grid,1934360,311
Lahore,4.79,10kW Off-Grid,1006962,798
Karachi,5.37,2kW On-Grid,1138923,434
Quetta,5.59,3kW On-Grid,1147737,524
Faisalabad,6.98,2kW On-Grid,790286,744
Lahore,5.37,7kW Net-Metering,1487143,868
Quetta,6.52,5kW Hybrid,1400252,1071
Karachi,4.55,3kW On-Grid,1537348,371
Peshawar,5.66,2kW On-Grid,1100971,463
Quetta,4.52,7kW Net-Metering,779860,693
Faisalabad,5.97,8kW Hybrid,1690040,401
Multan,4.56,8kW Hybrid,1798423,1159
Faisalabad,7.02,8kW Hybrid,534874,724
Quetta,5.63,5kW Hybrid,1464859,289
Quetta,4.79,3kW On-Grid,1712833,395
Islamabad,6.5,2kW On-Grid,506976,1022
Faisalabad,6.44,3kW On-Grid,1340146,651
Peshawar,5.54,5kW Hybrid,1679358,798
Peshawar,4.89,7kW Net-Metering,893880,908
Karachi,4.72,7kW Net-Metering,1888404,405
Lahore,6.68,7kW Net-Metering,948047,704
Multan,5.82,8kW Hybrid,987396,951
Faisalabad,5.15,7kW Net-Metering,1563909,908
Lahore,4.71,3kW On-Grid,1522779,461
Rawalpindi,6.86,2kW On-Grid,625651,832
Karachi,5.74,2kW On-Grid,1580845,342
Faisalabad,7.31,8kW Hybrid,1462364,1129
Quetta,4.54,10kW Off-Grid,1330024,672
Karachi,6.87,10kW Off-Grid,1486374,859
Multan,5.18,10kW Off-Grid,1348902,412
Multan,5.0,10kW Off-Grid,547221,492
Multan,5.23,10kW Off-Grid,1226880,1018
Faisalabad,6.86,3kW On-Grid,1061283,901
Quetta,6.62,5kW Hybrid,740790,664
Faisalabad,6.64,3kW On-Grid,1948188,359
Quetta,7.18,10kW Off-Grid,1881163,508
Karachi,7.38,2kW On-Grid,1970201,1116
Rawalpindi,6.48,7kW Net-Metering,718130,840
Quetta,6.04,2kW On-Grid,393467,1075
Peshawar,7.32,7kW Net-Metering,1790328,764
Lahore,6.06,7kW Net-Metering,1954722,1060
Islamabad,6.34,8kW Hybrid,415329,240
Peshawar,6.04,7kW Net-Metering,1695735,1109
Rawalpindi,4.59,5kW Hybrid,777988,200
Multan,6.69,3kW On-Grid,901419,1059
Multan,4.54,7kW Net-Metering,504291,782
Rawalpindi,7.17,2kW On-Grid,1181082,878
Quetta,4.76,7kW Net-Metering,303694,271
Karachi,6.99,7kW Net-Metering,1440236,958
Faisalabad,6.16,7kW Net-Metering,1478650,998
Islamabad,5.31,5kW Hybrid,1492491,851
Multan,7.06,5kW Hybrid,444824,1010
Multan,6.75,2kW On-Grid,639718,1026
Faisalabad,4.5,5kW Hybrid,1979367,742
Islamabad,7.12,7kW Net-Metering,1634047,1045
Quetta,5.32,10kW Off-Grid,411296,769
Islamabad,5.1,3kW On-Grid,1554656,262
Faisalabad,5.24,7kW Net-Metering,900226,452
Multan,4.92,5kW Hybrid,500527,317
Peshawar,6.02,7kW Net-Metering,1177268,359
Faisalabad,5.61,10kW Off-Grid,347797,679
Multan,5.25,5kW Hybrid,710041,1042
Rawalpindi,6.73,3kW On-Grid,1426137,946
Peshawar,5.27,8kW Hybrid,316326,469
Rawalpindi,6.08,2kW On-Grid,874747,596
Faisalabad,6.58,5kW Hybrid,1167840,336
Multan,6.69,5kW Hybrid,782861,656
Lahore,5.12,7kW Net-Metering,540456,726
Lahore,6.53,5kW Hybrid,1457162,462
Quetta,6.8,3kW On-Grid,1284664,414
Quetta,6.49,2kW On-Grid,1922994,538
Faisalabad,5.61,3kW On-Grid,1007307,409
Islamabad,7.01,5kW Hybrid,1219078,517
Islamabad,6.38,8kW Hybrid,371152,1137
Rawalpindi,6.74,3kW On-Grid,1755228,582
Islamabad,7.3,5kW Hybrid,1899764,362
Multan,4.98,7kW Net-Metering,711278,752
Multan,4.75,2kW On-Grid,1193736,295
Quetta,4.58,8kW Hybrid,1254722,885
Quetta,5.54,5kW Hybrid,907492,975
Rawalpindi,7.05,5kW Hybrid,1181931,346
Faisalabad,5.94,7kW Net-Metering,1041647,1136
Peshawar,5.47,3kW On-Grid,1745835,1142
Rawalpindi,4.97,3kW On-Grid,671622,380
Faisalabad,5.19,10kW Off-Grid,1020641,723
Faisalabad,5.2,10kW Off-Grid,403093,1009
Lahore,5.84,10kW Off-Grid,1473096,905
Quetta,6.6,2kW On-Grid,1295845,600
Multan,6.15,2kW On-Grid,1507534,912
Karachi,7.05,8kW Hybrid,852798,684
Peshawar,6.41,10kW Off-Grid,1014889,315
Faisalabad,4.52,2kW On-Grid,1849537,1080
Islamabad,6.19,3kW On-Grid,1418232,714
Quetta,4.51,2kW On-Grid,1494261,964
Multan,5.68,8kW Hybrid,880020,591
Peshawar,5.22,8kW Hybrid,1584045,705
Quetta,5.44,2kW On-Grid,382110,1070
Multan,7.09,2kW On-Grid,587914,342
Quetta,6.63,3kW On-Grid,377506,936
Islamabad,7.33,5kW Hybrid,1895790,921
Quetta,4.72,3kW On-Grid,1699941,298
Karachi,5.74,2kW On-Grid,975100,529
Rawalpindi,7.39,10kW Off-Grid,390593,958
Peshawar,6.14,8kW Hybrid,320998,587
Islamabad,5.77,10kW Off-Grid,806295,1108
Karachi,5.94,2kW On-Grid,1442825,1102
Multan,6.77,5kW Hybrid,1318681,436
Rawalpindi,7.01,2kW On-Grid,1792825,429
Rawalpindi,4.68,8kW Hybrid,1176506,250
Islamabad,4.89,8kW Hybrid,647107,244
Lahore,5.08,5kW Hybrid,897633,346
Quetta,4.9,5kW Hybrid,452379,908
Karachi,4.94,5kW Hybrid,420697,287
Faisalabad,4.96,7kW Net-Metering,665228,233
Faisalabad,6.62,8kW Hybrid,1541037,869
Rawalpindi,4.76,2kW On-Grid,1110255,370
Karachi,7.05,5kW Hybrid,1593300,948
Quetta,6.04,3kW On-Grid,708449,462
Multan,4.55,3kW On-Grid,655238,375
Karachi,6.46,10kW Off-Grid,1340332,863
Peshawar,4.76,2kW On-Grid,1476437,644
Faisalabad,7.49,3kW On-Grid,577787,884
Multan,5.25,5kW Hybrid,922815,394
Karachi,7.35,3kW On-Grid,474426,1134
Islamabad,5.42,8kW Hybrid,630148,476
Lahore,5.2,10kW Off-Grid,768721,229
Multan,5.51,3kW On-Grid,730434,411
Quetta,4.95,3kW On-Grid,1802213,1144
Lahore,7.2,7kW Net-Metering,1462645,649
Faisalabad,5.51,10kW Off-Grid,532138,233
Karachi,6.56,2kW On-Grid,1493811,865
Faisalabad,4.54,3kW On-Grid,1071223,511
Multan,6.32,10kW Off-Grid,621149,718
Karachi,5.14,2kW On-Grid,1826339,915
Faisalabad,5.3,3kW On-Grid,1647443,437
Rawalpindi,5.91,10kW Off-Grid,815576,500
Multan,5.78,7kW Net-Metering,933513,483
Islamabad,6.47,2kW On-Grid,1858716,262
Islamabad,6.5,3kW On-Grid,1311765,329
Islamabad,5.43,8kW Hybrid,1564950,683
Peshawar,6.58,2kW On-Grid,381289,1054
Karachi,7.05,7kW Net-Metering,1223489,1130
Rawalpindi,5.41,8kW Hybrid,1890618,1010
Rawalpindi,5.41,8kW Hybrid,1695743,511
Quetta,5.37,3kW On-Grid,1236915,387
Rawalpindi,6.27,8kW Hybrid,1827710,255
Rawalpindi,6.01,10kW Off-Grid,1303956,877
Islamabad,6.31,3kW On-Grid,1123971,963
Peshawar,5.3,5kW Hybrid,847001,279
Peshawar,7.14,5kW Hybrid,1518681,827
Karachi,5.06,7kW Net-Metering,564437,792
Faisalabad,4.74,5kW Hybrid,356843,668
Lahore,7.31,5kW Hybrid,1739797,730
Faisalabad,7.38,2kW On-Grid,1108645,676
Quetta,6.11,3kW On-Grid,1036310,1112
Multan,4.75,7kW Net-Metering,1578401,924
Karachi,6.97,5kW Hybrid,416966,795
Quetta,7.35,10kW Off-Grid,1191857,605
Rawalpindi,6.25,7kW Net-Metering,1981614,653
Islamabad,7.2,2kW On-Grid,959916,490
Karachi,4.71,2kW On-Grid,1366151,1026
Peshawar,6.62,2kW On-Grid,1677744,605
Lahore,6.98,10kW Off-Grid,1926111,677
Islamabad,6.36,7kW Net-Metering,1722148,832
Peshawar,4.83,10kW Off-Grid,450441,843
Quetta,5.88,3kW On-Grid,1606137,429
Karachi,7.09,8kW Hybrid,1980004,1148
Lahore,7.21,2kW On-Grid,528333,825
Rawalpindi,5.65,10kW Off-Grid,731397,1197
Peshawar,4.85,2kW On-Grid,1816396,406
Faisalabad,6.85,7kW Net-Metering,727020,1022
Rawalpindi,4.89,8kW Hybrid,1753586,614
Peshawar,7.2,8kW Hybrid,1480549,449
Peshawar,6.69,2kW On-Grid,1612423,262
Multan,4.64,2kW On-Grid,648616,798
Quetta,6.64,7kW Net-Metering,1532137,911
Rawalpindi,4.72,8kW Hybrid,576614,920
Quetta,4.52,8kW Hybrid,990081,499
Quetta,6.96,10kW Off-Grid,1941170,224
Faisalabad,6.78,2kW On-Grid,410095,558
Lahore,4.93,7kW Net-Metering,1596413,885
Quetta,6.43,8kW Hybrid,864547,929
Multan,7.06,10kW Off-Grid,1145012,971
Quetta,5.48,3kW On-Grid,986860,280
Quetta,7.41,2kW On-Grid,745858,377
Islamabad,6.61,5kW Hybrid,1400925,302
Quetta,5.0,2kW On-Grid,442537,677
Islamabad,5.24,3kW On-Grid,539184,884
Lahore,6.13,5kW Hybrid,421974,952
Karachi,4.7,2kW On-Grid,1058159,1169
Multan,5.71,7kW Net-Metering,1181068,436
Karachi,7.12,7kW Net-Metering,620964,951
Quetta,6.15,10kW Off-Grid,1572636,259
Lahore,6.35,5kW Hybrid,426414,898
Lahore,5.13,8kW Hybrid,534862,378
Quetta,6.89,8kW Hybrid,1124005,477
Lahore,5.25,8kW Hybrid,1049728,1045
Islamabad,6.29,7kW Net-Metering,1834774,619
Peshawar,5.63,10kW Off-Grid,1377736,354
Lahore,5.47,8kW Hybrid,378394,773
Multan,4.67,5kW Hybrid,1182507,822
Faisalabad,6.04,10kW Off-Grid,942461,663
Lahore,6.92,3kW On-Grid,850609,1173
Quetta,7.44,2kW On-Grid,314741,298
Multan,7.48,2kW On-Grid,752176,703
Karachi,7.07,8kW Hybrid,1069363,445
Karachi,6.99,10kW Off-Grid,1700209,981
Multan,7.2,8kW Hybrid,327779,207
Lahore,6.5,8kW Hybrid,1244303,958
Quetta,5.61,10kW Off-Grid,1971285,1126
Quetta,5.81,10kW Off-Grid,1103411,1163
Rawalpindi,7.03,3kW On-Grid,478446,681
Peshawar,6.32,10kW Off-Grid,1422896,558
Faisalabad,4.95,5kW Hybrid,1860829,673
Quetta,6.78,8kW Hybrid,1072034,556
Rawalpindi,5.8,8kW Hybrid,1952319,358
Islamabad,5.32,10kW Off-Grid,764125,1154
Islamabad,7.5,8kW Hybrid,1051450,546
Islamabad,5.46,8kW Hybrid,1827651,446
Peshawar,5.05,2kW On-Grid,1118552,354
Faisalabad,4.98,8kW Hybrid,1671211,961
Islamabad,4.54,7kW Net-Metering,909924,774
Islamabad,6.29,2kW On-Grid,1280429,464
Lahore,6.3,2kW On-Grid,826701,822
Rawalpindi,6.37,7kW Net-Metering,1222483,630
Quetta,6.41,3kW On-Grid,646768,578
Multan,6.52,8kW Hybrid,668167,296
Karachi,5.1,7kW Net-Metering,1279800,751
Faisalabad,5.34,10kW Off-Grid,1023455,594
Peshawar,5.15,8kW Hybrid,413612,815
Quetta,7.36,2kW On-Grid,1572811,530
Peshawar,6.04,5kW Hybrid,799944,1114
Islamabad,4.85,7kW Net-Metering,439985,213
Quetta,4.92,8kW Hybrid,1472043,1199
Lahore,4.83,2kW On-Grid,1987619,1016
Peshawar,5.32,10kW Off-Grid,1835067,954
Karachi,5.21,7kW Net-Metering,846013,905
Multan,6.17,3kW On-Grid,1631083,323
Multan,6.68,3kW On-Grid,455556,908
Quetta,5.32,2kW On-Grid,1807086,395
Peshawar,6.16,10kW Off-Grid,690598,623
Peshawar,5.39,8kW Hybrid,347679,610
Multan,5.1,2kW On-Grid,735036,611
Lahore,6.54,3kW On-Grid,577632,530
Karachi,5.3,10kW Off-Grid,1454564,478
Quetta,5.29,10kW Off-Grid,1362867,518
Lahore,7.12,2kW On-Grid,1607817,997
Peshawar,4.85,3kW On-Grid,1765959,1005
Faisalabad,7.23,5kW Hybrid,1021891,373
Quetta,6.63,5kW Hybrid,1698807,476
Rawalpindi,6.51,10kW Off-Grid,350973,1136
Karachi,5.45,5kW Hybrid,538641,731
Lahore,6.05,10kW Off-Grid,490653,996
Islamabad,6.29,2kW On-Grid,1090217,724
Rawalpindi,7.07,10kW Off-Grid,354497,257
Multan,7.36,2kW On-Grid,819265,399
Multan,6.6,3kW On-Grid,899750,393
Quetta,4.82,5kW Hybrid,315124,334
Peshawar,6.77,7kW Net-Metering,730623,525
Multan,6.08,10kW Off-Grid,1559274,672
Rawalpindi,5.41,10kW Off-Grid,1080448,489
Rawalpindi,5.95,5kW Hybrid,937309,277
Multan,4.79,2kW On-Grid,563330,792
Peshawar,6.09,7kW Net-Metering,1268005,456
Peshawar,5.13,2kW On-Grid,1386601,1150
Faisalabad,7.24,7kW Net-Metering,992845,1190
Peshawar,4.55,3kW On-Grid,1012812,690
Islamabad,5.34,10kW Off-Grid,1329810,643
Karachi,4.88,10kW Off-Grid,960549,233
Peshawar,4.82,8kW Hybrid,580358,667
Lahore,4.78,7kW Net-Metering,1933980,1142
Rawalpindi,5.16,3kW On-Grid,600010,279
Peshawar,7.17,5kW Hybrid,520323,552
Multan,6.18,7kW Net-Metering,831896,301
Multan,7.02,2kW On-Grid,1756423,796
Islamabad,5.01,10kW Off-Grid,803748,740
Faisalabad,6.94,5kW Hybrid,667522,207
Islamabad,6.32,8kW Hybrid,1786667,697
Quetta,7.03,5kW Hybrid,556395,1038
Multan,4.77,2kW On-Grid,1425705,853
Islamabad,4.95,8kW Hybrid,552842,284
Karachi,7.09,5kW Hybrid,900169,473
Multan,7.15,3kW On-Grid,1444592,423
Faisalabad,6.62,2kW On-Grid,1239273,472
Lahore,5.47,5kW Hybrid,530007,756
Rawalpindi,6.19,7kW Net-Metering,841475,797
Karachi,5.13,2kW On-Grid,1931233,333
Quetta,7.16,5kW Hybrid,359651,837
Islamabad,5.96,3kW On-Grid,413435,961
Faisalabad,4.75,10kW Off-Grid,360314,616
Peshawar,5.95,2kW On-Grid,772566,1145
Faisalabad,5.94,5kW Hybrid,1287178,979
Peshawar,5.13,2kW On-Grid,1607760,429
Peshawar,5.27,2kW On-Grid,549828,531
Rawalpindi,6.26,8kW Hybrid,1423884,1154
Faisalabad,5.09,10kW Off-Grid,436917,1024
Peshawar,5.45,3kW On-Grid,757366,767
Islamabad,7.13,8kW Hybrid,1232282,1148
Islamabad,4.88,8kW Hybrid,1600580,978
Islamabad,6.02,10kW Off-Grid,1361271,626
Islamabad,6.83,8kW Hybrid,1815211,675
Peshawar,7.34,7kW Net-Metering,757803,929
Faisalabad,5.93,7kW Net-Metering,621894,487
Multan,5.87,5kW Hybrid,397812,827
Karachi,4.81,2kW On-Grid,1498862,988
Quetta,5.26,10kW Off-Grid,890821,1011
Multan,6.44,7kW Net-Metering,799568,798
Faisalabad,5.44,5kW Hybrid,1440511,889
Rawalpindi,5.8,3kW On-Grid,1048325,236
Lahore,6.96,8kW Hybrid,532240,783
Islamabad,5.16,3kW On-Grid,548706,273
Islamabad,7.39,10kW Off-Grid,1074350,1051
Lahore,6.63,8kW Hybrid,1911355,872
Multan,5.04,2kW On-Grid,604561,1061
Karachi,6.86,5kW Hybrid,536484,626
Multan,5.98,8kW Hybrid,632666,1151
Faisalabad,6.4,2kW On-Grid,1473823,785
Islamabad,5.4,10kW Off-Grid,862889,401
Lahore,5.92,8kW Hybrid,712830,815
Islamabad,4.85,2kW On-Grid,1201885,486
Lahore,5.94,7kW Net-Metering,1529087,806
Quetta,6.44,8kW Hybrid,721813,1092
Lahore,5.2,5kW Hybrid,1428807,294
Faisalabad,7.25,5kW Hybrid,524875,405
Rawalpindi,4.7,8kW Hybrid,496238,335
Rawalpindi,6.84,5kW Hybrid,1818398,905
Islamabad,6.13,7kW Net-Metering,1771940,639
Karachi,4.7,10kW Off-Grid,1758533,420
Peshawar,7.11,7kW Net-Metering,1754885,889
Rawalpindi,7.26,3kW On-Grid,485299,503
Quetta,6.73,2kW On-Grid,1676911,1086
Faisalabad,5.14,8kW Hybrid,1593072,1046
Quetta,4.9,2kW On-Grid,1444759,1178
Faisalabad,7.27,3kW On-Grid,521397,268
Quetta,6.23,8kW Hybrid,390574,234
Quetta,5.74,7kW Net-Metering,625474,527
Rawalpindi,4.81,5kW Hybrid,1157414,544
Islamabad,6.59,8kW Hybrid,1502929,256
Lahore,6.69,7kW Net-Metering,1451871,795
Faisalabad,4.94,3kW On-Grid,1998101,1101
Islamabad,6.86,7kW Net-Metering,908987,315
Karachi,5.61,2kW On-Grid,1144287,1057
Rawalpindi,7.44,5kW Hybrid,680675,489
Rawalpindi,5.07,2kW On-Grid,1175808,214
Quetta,6.58,8kW Hybrid,1875646,350
Islamabad,7.01,2kW On-Grid,915146,613
Multan,7.3,10kW Off-Grid,1168693,806
Quetta,7.04,2kW On-Grid,1861285,447
Karachi,4.8,7kW Net-Metering,609640,1199
Karachi,5.8,5kW Hybrid,1789549,643
Lahore,6.9,7kW Net-Metering,1522120,1036
Quetta,5.63,5kW Hybrid,1576751,502
Faisalabad,6.29,10kW Off-Grid,702534,1187
Peshawar,4.71,8kW Hybrid,826472,434
Karachi,5.03,5kW Hybrid,341007,219
Islamabad,6.05,3kW On-Grid,1367074,563
Multan,6.64,7kW Net-Metering,839373,1143
Karachi,6.47,8kW Hybrid,1535352,985
Faisalabad,5.24,8kW Hybrid,1964879,892
Islamabad,6.87,10kW Off-Grid,1912863,978
Islamabad,5.93,5kW Hybrid,1716806,718
Quetta,7.08,7kW Net-Metering,977979,1007
Multan,6.58,8kW Hybrid,823918,791
Faisalabad,4.54,10kW Off-Grid,1940206,861
Multan,6.83,5kW Hybrid,983588,841
Rawalpindi,4.97,5kW Hybrid,927692,710
Karachi,4.85,8kW Hybrid,1330276,435
Peshawar,4.67,7kW Net-Metering,792333,225
Faisalabad,6.61,2kW On-Grid,1237439,863
Islamabad,6.55,8kW Hybrid,1027801,1027
Lahore,6.12,7kW Net-Metering,1953337,1168
Karachi,5.82,3kW On-Grid,1781047,1028
Lahore,5.75,5kW Hybrid,502261,582
Faisalabad,5.87,7kW Net-Metering,1102188,838
Lahore,6.81,3kW On-Grid,1613133,303
Faisalabad,6.11,2kW On-Grid,1774007,834
Peshawar,5.08,3kW On-Grid,983577,1157
Karachi,4.68,3kW On-Grid,1108350,805
Rawalpindi,6.84,3kW On-Grid,499263,650
Lahore,6.64,10kW Off-Grid,1562372,966
Peshawar,5.58,2kW On-Grid,1225468,1104
Lahore,5.02,7kW Net-Metering,1834447,320
Multan,7.41,5kW Hybrid,1784559,635
Multan,6.42,8kW Hybrid,1072963,684
Quetta,7.44,5kW Hybrid,983256,652
Faisalabad,4.59,5kW Hybrid,1941105,420
Islamabad,6.89,8kW Hybrid,1523263,531
Islamabad,4.75,2kW On-Grid,547983,736
Lahore,5.22,10kW Off-Grid,1263915,219
Karachi,7.05,3kW On-Grid,592823,845
Quetta,7.46,10kW Off-Grid,604594,612
Quetta,5.18,3kW On-Grid,995304,498
Rawalpindi,6.87,5kW Hybrid,1450532,724
Karachi,7.25,8kW Hybrid,903315,531
Multan,7.45,8kW Hybrid,1226778,635
Rawalpindi,6.24,7kW Net-Metering,1374136,1196
Quetta,5.53,3kW On-Grid,1997263,437
Rawalpindi,6.06,7kW Net-Metering,468884,467
Rawalpindi,5.56,8kW Hybrid,355263,1143
Multan,6.71,3kW On-Grid,942478,527
Rawalpindi,5.45,7kW Net-Metering,895014,910
Islamabad,7.27,7kW Net-Metering,1096159,277
Multan,6.28,8kW Hybrid,1698529,896
Islamabad,6.73,5kW Hybrid,749805,1051
Karachi,7.48,10kW Off-Grid,1958663,1174
Faisalabad,5.6,5kW Hybrid,1260849,209
Quetta,4.96,2kW On-Grid,1652882,883
Peshawar,6.28,7kW Net-Metering,1570004,617
Lahore,7.47,8kW Hybrid,940382,228
Quetta,6.31,10kW Off-Grid,1207929,1040
Faisalabad,7.16,8kW Hybrid,315032,477
Lahore,5.56,7kW Net-Metering,1018854,261
Karachi,5.79,3kW On-Grid,438647,677
Rawalpindi,5.99,5kW Hybrid,370962,992
Peshawar,7.2,3kW On-Grid,1296807,988
Islamabad,5.57,2kW On-Grid,724601,497
Quetta,5.99,10kW Off-Grid,1318006,244
Multan,6.42,3kW On-Grid,1935751,678
Karachi,7.26,3kW On-Grid,588236,1156
Karachi,7.0,5kW Hybrid,1900843,857
Rawalpindi,7.44,2kW On-Grid,1848345,753
Karachi,6.84,2kW On-Grid,1683713,1108
Peshawar,6.21,8kW Hybrid,818090,651
Peshawar,7.31,5kW Hybrid,1169950,616
Peshawar,4.53,3kW On-Grid,1459143,268
Peshawar,6.76,2kW On-Grid,1883324,526
Karachi,6.93,2kW On-Grid,718692,678
Faisalabad,6.74,5kW Hybrid,1972252,755
Islamabad,7.08,5kW Hybrid,783559,448
Rawalpindi,7.45,8kW Hybrid,955065,818
Quetta,5.42,2kW On-Grid,1818572,333
Karachi,4.75,8kW Hybrid,1223773,869
Multan,7.27,2kW On-Grid,875829,995
Karachi,6.23,7kW Net-Metering,1706123,888
Peshawar,6.46,8kW Hybrid,1853882,429
Islamabad,6.18,3kW On-Grid,879879,387
Lahore,7.25,10kW Off-Grid,1722338,929
Quetta,6.61,5kW Hybrid,1659234,218
Peshawar,7.31,5kW Hybrid,369039,1159
Islamabad,6.24,8kW Hybrid,1942235,527
Peshawar,5.94,2kW On-Grid,1404877,479
Karachi,6.78,10kW Off-Grid,589851,1178
Lahore,5.25,8kW Hybrid,600289,971
Rawalpindi,7.12,2kW On-Grid,958339,796
Quetta,6.26,3kW On-Grid,1870090,1043
Quetta,6.63,10kW Off-Grid,391404,369
Faisalabad,6.6,2kW On-Grid,1521953,1088
Faisalabad,6.51,10kW Off-Grid,434434,1140
Karachi,4.51,8kW Hybrid,1991655,925
Lahore,5.12,5kW Hybrid,919025,520
Quetta,6.89,8kW Hybrid,370217,328
Islamabad,5.99,8kW Hybrid,745493,620
Rawalpindi,7.36,7kW Net-Metering,1689669,1023
Quetta,6.95,2kW On-Grid,879244,499
Karachi,6.91,10kW Off-Grid,679685,797
Karachi,5.62,7kW Net-Metering,442160,613
Peshawar,6.47,8kW Hybrid,930856,1002
Lahore,6.33,3kW On-Grid,881559,781
Multan,6.31,2kW On-Grid,1442661,455
Multan,6.22,3kW On-Grid,1816434,467
Karachi,5.48,5kW Hybrid,1027373,813
Lahore,7.3,10kW Off-Grid,1079380,711
Rawalpindi,5.7,10kW Off-Grid,1944817,736
Karachi,5.37,10kW Off-Grid,1895492,678
Quetta,7.1,2kW On-Grid,1557931,674
Karachi,7.23,5kW Hybrid,948838,247
Rawalpindi,6.73,3kW On-Grid,1544556,568
Karachi,6.81,8kW Hybrid,1600017,914
Islamabad,4.91,8kW Hybrid,1448864,960
Karachi,7.12,10kW Off-Grid,815407,1151
Quetta,6.4,10kW Off-Grid,1064826,496
Rawalpindi,6.4,5kW Hybrid,1187030,405
Islamabad,4.88,5kW Hybrid,398999,1173
Lahore,6.69,10kW Off-Grid,1556659,463
Quetta,5.84,7kW Net-Metering,525940,375
Islamabad,5.0,7kW Net-Metering,980566,220
Faisalabad,5.67,7kW Net-Metering,309865,1125
Faisalabad,5.59,2kW On-Grid,1727078,944
Rawalpindi,5.55,7kW Net-Metering,1790239,771
Quetta,5.44,10kW Off-Grid,1888927,292
Karachi,6.67,5kW Hybrid,1505946,727
Lahore,5.76,5kW Hybrid,1203017,417
Karachi,6.58,8kW Hybrid,1235422,379
Quetta,6.18,3kW On-Grid,334671,586
Lahore,7.05,8kW Hybrid,1461376,577
Faisalabad,5.48,3kW On-Grid,1173205,839
Multan,7.34,10kW Off-Grid,1842194,947
Multan,5.12,2kW On-Grid,391858,465
Faisalabad,7.25,10kW Off-Grid,438551,235
Peshawar,6.21,8kW Hybrid,597625,1098
Islamabad,6.53,5kW Hybrid,1838654,631
Peshawar,6.66,2kW On-Grid,1783897,835
Lahore,5.07,10kW Off-Grid,1790448,250
Multan,6.4,8kW Hybrid,1927735,434
Rawalpindi,5.17,8kW Hybrid,1856656,602
Karachi,7.14,2kW On-Grid,1623763,631
Quetta,7.12,5kW Hybrid,1353369,909
Quetta,7.02,7kW Net-Metering,661164,1190
Quetta,6.56,8kW Hybrid,397475,635
Quetta,6.48,5kW Hybrid,1532847,469
Quetta,6.79,2kW On-Grid,1104288,617
Quetta,6.63,2kW On-Grid,1177560,712
Peshawar,6.84,2kW On-Grid,682145,1018
Karachi,6.24,5kW Hybrid,1687216,749
Lahore,5.54,8kW Hybrid,1356883,638
Karachi,5.68,3kW On-Grid,392444,903
Faisalabad,6.45,2kW On-Grid,1399631,201
Peshawar,4.74,3kW On-Grid,603464,1183
Rawalpindi,6.77,8kW Hybrid,531377,1133
Islamabad,5.34,3kW On-Grid,1873824,324
Islamabad,5.55,3kW On-Grid,425206,1059
Peshawar,7.41,3kW On-Grid,1758756,1120
Faisalabad,7.42,2kW On-Grid,1735333,1004
Lahore,4.56,8kW Hybrid,1643000,888
Multan,7.0,2kW On-Grid,1078445,1022
Lahore,7.06,8kW Hybrid,1536457,353
Rawalpindi,5.88,8kW Hybrid,1869226,509
Multan,6.06,2kW On-Grid,685140,682
Faisalabad,6.98,8kW Hybrid,1322531,497
Peshawar,5.73,3kW On-Grid,1700675,489
Rawalpindi,5.83,7kW Net-Metering,1422144,238
Rawalpindi,4.86,2kW On-Grid,356320,1149
Karachi,5.64,3kW On-Grid,474655,834
Quetta,5.47,2kW On-Grid,1213785,1171
Peshawar,7.11,8kW Hybrid,1519549,1037
Peshawar,5.67,5kW Hybrid,1289028,577
Rawalpindi,6.6,5kW Hybrid,410412,1173
Islamabad,5.09,8kW Hybrid,1498548,571
Karachi,5.35,7kW Net-Metering,1944939,1078
Karachi,6.89,2kW On-Grid,487968,827
Lahore,4.99,7kW Net-Metering,1090363,1023
Rawalpindi,7.19,5kW Hybrid,1568623,371
Peshawar,5.01,2kW On-Grid,1424704,316
Lahore,5.92,10kW Off-Grid,1995512,923
Peshawar,4.68,2kW On-Grid,630939,309
Lahore,5.96,8kW Hybrid,1454676,1074
Quetta,5.31,5kW Hybrid,355561,795
Islamabad,7.33,8kW Hybrid,306651,863
Quetta,4.55,8kW Hybrid,1127763,348
Karachi,5.05,2kW On-Grid,1958992,606
Rawalpindi,4.69,3kW On-Grid,1193931,1174
Islamabad,5.98,3kW On-Grid,1750030,1006
Faisalabad,4.99,7kW Net-Metering,790919,505
Faisalabad,5.25,10kW Off-Grid,591883,356
Multan,5.69,8kW Hybrid,632831,1095
Quetta,7.44,2kW On-Grid,976656,731
Multan,5.75,3kW On-Grid,1646923,1170
Multan,6.26,8kW Hybrid,667816,1060
Islamabad,7.2,5kW Hybrid,1279840,690
Quetta,7.18,3kW On-Grid,1765754,647
Multan,7.09,7kW Net-Metering,404962,867
Faisalabad,6.63,2kW On-Grid,1621154,875
Faisalabad,6.88,5kW Hybrid,1968218,1068
Peshawar,4.82,8kW Hybrid,412807,811
Faisalabad,6.57,3kW On-Grid,600476,828
Quetta,5.21,7kW Net-Metering,1845846,807
Lahore,6.36,10kW Off-Grid,566078,956
Faisalabad,4.81,2kW On-Grid,1549028,1184
Karachi,6.18,2kW On-Grid,953054,881
Lahore,6.0,7kW Net-Metering,880732,634
Multan,4.94,10kW Off-Grid,1780643,552
Rawalpindi,5.19,2kW On-Grid,1495631,1140
Islamabad,4.83,7kW Net-Metering,898950,895
Karachi,7.02,10kW Off-Grid,1722362,998
Multan,6.6,5kW Hybrid,764681,515
Quetta,6.81,2kW On-Grid,1469598,439
Karachi,5.54,8kW Hybrid,875209,415
Multan,5.19,2kW On-Grid,435825,1034
Islamabad,6.59,7kW Net-Metering,1175635,332
Quetta,4.84,8kW Hybrid,412896,453
Lahore,4.6,8kW Hybrid,1076681,690
Karachi,5.14,7kW Net-Metering,1925894,809
Quetta,5.19,7kW Net-Metering,1725568,1179
Rawalpindi,5.08,5kW Hybrid,546627,1188
Rawalpindi,5.54,3kW On-Grid,655820,1020
Multan,5.82,10kW Off-Grid,1487448,444
Rawalpindi,7.03,8kW Hybrid,472775,229
Multan,6.18,5kW Hybrid,790294,693
Faisalabad,5.1,2kW On-Grid,334858,836
Faisalabad,6.8,7kW Net-Metering,344208,576
Karachi,6.48,8kW Hybrid,744350,828
Lahore,5.34,2kW On-Grid,1405074,248
Faisalabad,7.37,7kW Net-Metering,1143366,775
Multan,7.21,5kW Hybrid,1839698,941
Peshawar,6.59,7kW Net-Metering,1786313,726
Multan,4.88,10kW Off-Grid,1273371,1034
Rawalpindi,5.21,10kW Off-Grid,1405379,348
Lahore,6.42,8kW Hybrid,389968,1148
Rawalpindi,6.38,10kW Off-Grid,1691517,431
Peshawar,5.14,5kW Hybrid,1152988,631
Karachi,6.93,8kW Hybrid,348627,1189
Faisalabad,4.55,2kW On-Grid,1898915,722
Islamabad,7.22,3kW On-Grid,1401719,267
Lahore,6.15,7kW Net-Metering,1913327,228
Islamabad,5.34,10kW Off-Grid,783284,402
Quetta,6.48,5kW Hybrid,997129,1190
Quetta,5.32,8kW Hybrid,1517700,308
Peshawar,6.1,2kW On-Grid,1399022,916
Quetta,7.28,3kW On-Grid,1290518,242
Multan,7.05,2kW On-Grid,615677,1040
Lahore,5.17,5kW Hybrid,1207073,900
Lahore,5.72,10kW Off-Grid,1420768,773
Multan,5.92,10kW Off-Grid,1848844,569
Faisalabad,4.77,8kW Hybrid,1547394,611
Peshawar,5.27,2kW On-Grid,826682,293
Islamabad,5.27,5kW Hybrid,1976836,294
Lahore,5.94,10kW Off-Grid,705083,1197
Islamabad,6.63,10kW Off-Grid,986749,236
Karachi,7.27,10kW Off-Grid,660672,282
Faisalabad,5.57,7kW Net-Metering,1446660,1191
Quetta,6.67,3kW On-Grid,992067,453
Quetta,7.17,5kW Hybrid,1213872,635
Peshawar,4.5,2kW On-Grid,1149428,681
Quetta,6.31,2kW On-Grid,756282,351
Faisalabad,5.97,5kW Hybrid,1340809,1165
Multan,4.52,8kW Hybrid,370427,356
Lahore,4.79,5kW Hybrid,979215,230
Peshawar,7.03,8kW Hybrid,348869,552
Quetta,5.17,5kW Hybrid,548914,1160
Quetta,4.59,7kW Net-Metering,1935722,337
Rawalpindi,7.24,5kW Hybrid,456171,758
Faisalabad,4.83,8kW Hybrid,1830545,1050
Faisalabad,5.8,7kW Net-Metering,1300954,1084
Karachi,6.19,3kW On-Grid,998458,756
Rawalpindi,5.93,10kW Off-Grid,814989,1095
Multan,7.49,2kW On-Grid,1506007,1000
Islamabad,6.27,10kW Off-Grid,848870,457
Peshawar,6.1,7kW Net-Metering,1878671,899
Lahore,5.0,2kW On-Grid,1934763,1143
Karachi,4.91,10kW Off-Grid,1455880,310
Islamabad,5.34,8kW Hybrid,397619,931
Peshawar,5.76,3kW On-Grid,1441313,871
Islamabad,5.94,10kW Off-Grid,1423618,266
Peshawar,6.78,8kW Hybrid,1826809,668
Rawalpindi,7.02,3kW On-Grid,749977,210
Karachi,6.22,8kW Hybrid,1783855,800
Lahore,7.1,5kW Hybrid,1096754,961
Islamabad,5.48,8kW Hybrid,781103,943
Multan,6.18,2kW On-Grid,1316631,857
Islamabad,5.49,3kW On-Grid,1356639,667
Lahore,7.01,5kW Hybrid,1028537,708
Islamabad,4.58,10kW Off-Grid,1315357,927
Karachi,5.21,7kW Net-Metering,1748564,746
Lahore,5.2,10kW Off-Grid,1693481,340
Karachi,5.56,3kW On-Grid,1400226,755
Quetta,5.4,5kW Hybrid,691449,991
Peshawar,7.16,3kW On-Grid,1262518,336
Multan,6.18,10kW Off-Grid,1859154,252
Rawalpindi,5.22,3kW On-Grid,386857,1109
Lahore,6.39,2kW On-Grid,677919,1076
Lahore,6.9,10kW Off-Grid,1562664,347
Karachi,5.89,7kW Net-Metering,1329711,261
Peshawar,5.21,5kW Hybrid,415972,874
Karachi,5.83,5kW Hybrid,366214,422
Lahore,6.94,2kW On-Grid,684349,208
Multan,7.34,10kW Off-Grid,1623381,648
Karachi,4.87,7kW Net-Metering,519785,1078
Islamabad,5.67,2kW On-Grid,1317052,421
Islamabad,6.61,2kW On-Grid,1838784,287
Lahore,5.39,10kW Off-Grid,1535408,336
Multan,5.93,10kW Off-Grid,1501624,500
Faisalabad,4.88,5kW Hybrid,1838257,609
Lahore,6.85,5kW Hybrid,1470061,927
Lahore,6.76,10kW Off-Grid,394809,1108
Multan,6.73,8kW Hybrid,1513552,751
Faisalabad,6.8,2kW On-Grid,1298903,640
Islamabad,4.93,10kW Off-Grid,1980973,649
Islamabad,6.88,3kW On-Grid,811640,451
Faisalabad,4.87,3kW On-Grid,1278823,888
Rawalpindi,7.3,8kW Hybrid,751716,661
Lahore,4.81,5kW Hybrid,1271094,744
Faisalabad,7.43,7kW Net-Metering,500192,346
Multan,6.92,10kW Off-Grid,1614564,216
Faisalabad,6.63,2kW On-Grid,995930,937
Peshawar,6.81,3kW On-Grid,1754684,1181
Rawalpindi,4.8,5kW Hybrid,727442,378
Multan,6.66,3kW On-Grid,726056,332
Lahore,4.83,8kW Hybrid,495883,555
Peshawar,5.71,8kW Hybrid,750673,329
Multan,4.98,7kW Net-Metering,1611387,248
Islamabad,6.31,3kW On-Grid,1288440,291
Faisalabad,6.24,7kW Net-Metering,1204661,316
Faisalabad,6.37,5kW Hybrid,1832830,879
Lahore,6.28,7kW Net-Metering,1717262,924
Islamabad,4.57,8kW Hybrid,492326,498
Peshawar,4.81,10kW Off-Grid,676470,971
Karachi,5.33,3kW On-Grid,1746205,898
Multan,7.27,7kW Net-Metering,1114785,455
Multan,4.6,5kW Hybrid,322649,1168
Quetta,4.9,5kW Hybrid,380908,936
Lahore,6.23,10kW Off-Grid,804989,692
Lahore,5.56,3kW On-Grid,663909,563
Rawalpindi,7.24,10kW Off-Grid,1932361,1171
Rawalpindi,5.01,3kW On-Grid,1874005,744
Quetta,5.48,2kW On-Grid,971592,646
Faisalabad,5.2,2kW On-Grid,922391,441
Karachi,6.44,10kW Off-Grid,1407669,835
Lahore,7.39,3kW On-Grid,956447,283
Karachi,7.17,2kW On-Grid,1682126,407
Lahore,4.58,5kW Hybrid,649897,605
Quetta,6.44,2kW On-Grid,792111,1104
Faisalabad,7.07,2kW On-Grid,375186,1124
Quetta,5.01,10kW Off-Grid,1916632,270
Islamabad,6.4,8kW Hybrid,1676335,695
Rawalpindi,5.85,3kW On-Grid,653772,261
Peshawar,6.5,7kW Net-Metering,1641417,1059
Islamabad,6.6,7kW Net-Metering,1960608,647
Faisalabad,4.79,2kW On-Grid,451408,283
Faisalabad,7.19,10kW Off-Grid,1985526,302
Multan,4.51,10kW Off-Grid,705100,857
Multan,4.72,7kW Net-Metering,1948719,630
Multan,4.66,5kW Hybrid,1049081,322
Islamabad,6.24,10kW Off-Grid,1393228,552
Quetta,5.21,7kW Net-Metering,1829125,1118
Islamabad,4.64,2kW On-Grid,1480086,661
Peshawar,7.28,10kW Off-Grid,1414159,1088
Islamabad,5.88,7kW Net-Metering,1631061,1039
Faisalabad,7.27,8kW Hybrid,1328277,389
Quetta,4.69,7kW Net-Metering,711681,450
Faisalabad,6.23,7kW Net-Metering,1801754,496
Multan,4.74,2kW On-Grid,1981718,901
Faisalabad,6.09,8kW Hybrid,568126,248
Multan,6.59,7kW Net-Metering,771881,296
Rawalpindi,6.97,3kW On-Grid,1991153,686
Faisalabad,6.64,7kW Net-Metering,1730417,613
Islamabad,5.01,10kW Off-Grid,723370,278
Islamabad,6.13,8kW Hybrid,500034,237
Peshawar,5.56,7kW Net-Metering,1872823,1040
Islamabad,5.02,5kW Hybrid,1523618,805
Quetta,6.8,5kW Hybrid,1621501,1085
Multan,6.6,8kW Hybrid,1164758,989
Karachi,4.81,5kW Hybrid,656440,267
Karachi,6.36,2kW On-Grid,1399669,419
Peshawar,5.5,7kW Net-Metering,1060926,553
Peshawar,5.2,8kW Hybrid,1836533,1070
Quetta,5.36,2kW On-Grid,1165390,994
Peshawar,4.91,8kW Hybrid,371411,515
Faisalabad,5.89,2kW On-Grid,1436179,631
Karachi,4.91,7kW Net-Metering,731137,692
Rawalpindi,7.01,8kW Hybrid,912611,414
Faisalabad,5.57,8kW Hybrid,991067,562
Multan,6.87,8kW Hybrid,1992548,521
Islamabad,5.79,8kW Hybrid,1975094,863
Lahore,4.88,8kW Hybrid,1966645,1076
Karachi,6.25,8kW Hybrid,1571977,1046
Quetta,7.32,2kW On-Grid,1271306,580
Faisalabad,4.51,7kW Net-Metering,494777,672
Rawalpindi,6.9,2kW On-Grid,413719,882
Multan,6.46,10kW Off-Grid,548414,1148
Islamabad,7.1,3kW On-Grid,932393,1096
Rawalpindi,4.58,7kW Net-Metering,1369303,304
Multan,7.45,5kW Hybrid,1770521,575
Lahore,4.56,7kW Net-Metering,824396,1023
Faisalabad,6.66,3kW On-Grid,1638211,1185
Lahore,5.12,3kW On-Grid,1613979,1104
Faisalabad,6.38,8kW Hybrid,1159335,537
Faisalabad,5.32,2kW On-Grid,478850,369
Multan,6.94,2kW On-Grid,1355137,1189
Faisalabad,7.36,2kW On-Grid,424346,913
Peshawar,5.13,5kW Hybrid,1575791,724
Multan,4.82,3kW On-Grid,924833,922
Lahore,5.47,5kW Hybrid,388000,612
Rawalpindi,5.5,7kW Net-Metering,1847440,633
Multan,5.82,8kW Hybrid,1069497,427
Faisalabad,5.11,5kW Hybrid,590162,976
Islamabad,7.43,5kW Hybrid,1401324,775
Islamabad,6.75,3kW On-Grid,435801,653
Faisalabad,5.89,7kW Net-Metering,1672004,809
Lahore,6.09,3kW On-Grid,1675325,223
Lahore,6.74,10kW Off-Grid,1015355,385
Islamabad,7.21,8kW Hybrid,1783746,262
Karachi,6.63,7kW Net-Metering,508762,673
Quetta,5.94,10kW Off-Grid,1170087,961
Karachi,6.37,5kW Hybrid,690028,958
Karachi,5.74,5kW Hybrid,1105581,1192
Peshawar,4.77,7kW Net-Metering,859479,429
Multan,5.74,5kW Hybrid,584250,789
Multan,6.66,10kW Off-Grid,1558003,883
Rawalpindi,6.44,7kW Net-Metering,1504656,853
Lahore,5.2,2kW On-Grid,789916,759
Quetta,6.71,2kW On-Grid,927668,339
Multan,7.14,10kW Off-Grid,1854744,498
Faisalabad,5.06,5kW Hybrid,1785402,1068
Islamabad,4.84,3kW On-Grid,1325584,563
Multan,6.51,3kW On-Grid,1037528,898
Islamabad,6.78,7kW Net-Metering,1934732,513
